{
  "name": "血光印記",
  "icon": "bloodmagic:bloodlightsigil",
  "category": "bloodmagic:alchemy_array/sigil",
  "pages": [
    {
      "type": "patchouli:text",
      "text": "$(item)血光印記$()是一個方便的工具，適用於任何礦工，地城管理員，或者單純不喜歡黑暗、覺得火把及螢光石礙事的鍊金術士，當你使用後，此印記將會在所面對的方向射出一道血光。當它擊中障礙物時，它會產生幾乎看不見的光源，代價為$(blood)10 LP$()。"
    },
    {
      "type": "bloodmagic:crafting_2-step_sigil",
      "alchemy_table.heading": "血光試劑",
      "alchemy_table.recipe": "bloodmagic:alchemytable/reagent_blood_light",
      "array.heading": "血光印記",
      "array.recipe": "bloodmagic:array/bloodlightsigil",
      "array.text": "$(italic)我看到了光!"
    }
  ]
}
