{
  "name": "維持印記",
  "icon": "bloodmagic:sigilofholding",
  "category": "bloodmagic:alchemy_array/sigil",
  "pages": [
    {
      "type": "patchouli:text",
      "text": "這個印記可以同時容納最多5個其他的$(item)印記$()，為你提供它們的被動效果並且允許隨時活化它們。$(br)在手持符文時按下[$(k:bloodmagic.keybind.open_holding)]$()打開。$(br)按下[$(k:bloodmagic.keybind.cycle_holding_pos)] 向前循環，$()或是[$(k:bloodmagic.keybind.cycle_holding_neg)]向後循環。$()按住[$(k:sneak)]並且使用滑鼠滾輪也可以。"
    },
    {
      "type": "bloodmagic:crafting_2-step_sigil",
      "alchemy_table.heading": "維持試劑",
      "alchemy_table.recipe": "bloodmagic:alchemytable/reagent_holding",
      "array.heading": "維持印記",
      "array.recipe": "bloodmagic:array/holdingsigil",
      "array.text": "$(italic)維持-印記"
    },
    {
      "type": "patchouli:text",
      "flag": "mod:curios",
      "text": "由於你安裝了$(thing)Curios API$()，你能夠將$(item)印記$()作為飾品放入。如果你想同時配戴更多飾品，為你的$(l:bloodmagic:alchemy_array/living_equipment/living_basics)束靈鎧甲$()提供$(l:bloodmagic:alchemy_array/living_equipment/armor_upgrades/curios_sockets)插槽$()。"
    }
  ]
}
