{
  "name": "虛無印記",
  "icon": "bloodmagic:voidsigil",
  "category": "bloodmagic:alchemy_array/sigil",
  "pages": [
    {
      "type": "patchouli:text",
      "text": "$(item)虛無印記$()，當看向任何液體時按下[$(k:use)]將以每塊50 lp的代價銷毀它。很適合清理煩人的岩漿，而不需要那些繁瑣的放置，破壞方塊。"
    },
    {
      "type": "bloodmagic:crafting_2-step_sigil",
      "alchemy_table.heading": "虛無試劑",
      "alchemy_table.recipe": "bloodmagic:alchemytable/reagent_void",
      "array.heading": "虛無印記",
      "array.recipe": "bloodmagic:array/voidsigil",
      "array.text": "$(italic)比掃地機器人更好\u00AE!"
    }
  ]
}
