{
  "name": "水之印記",
  "icon": "bloodmagic:watersigil",
  "category": "bloodmagic:alchemy_array/sigil",
  "pages": [
    {
      "type": "patchouli:text",
      "text": "$(item)水之印記$()是一個相當簡單的印記，當看向某個方塊並按下[$(k:use)]，你可以從你的$(l:bloodmagic:altar/soul_network)靈魂網路中消耗100LP$(/l)創造水源。如果在沒有足夠的LP，它將消耗心。使用$(item)水之試劑$()及$(item)空白石板$()。製作"
    },
    {
      "type": "bloodmagic:crafting_2-step_sigil",
      "alchemy_table.heading": "水之試劑",
      "alchemy_table.recipe": "bloodmagic:alchemytable/reagent_water",
      "array.heading": "水之印記",
      "array.recipe": "bloodmagic:array/watersigil",
      "array.text": "$(italic)無限的水，每個人都行?"
    },
    {
      "type": "patchouli:image",
      "images": [
        "bloodmagic:images/entries/sigil/water_sigil1.png",
        "bloodmagic:images/entries/sigil/water_sigil2.png"
      ],
      "title": "水之印記陣",
      "border": true,
      "text": "水之印記陣，加上主要用途。"
    },
    {
      "type": "bloodmagic:crafting_alchemy_table",
      "heading": "水桶",
      "recipe": "bloodmagic:alchemytable/sigil_water_bucket",
      "text": "更重要的是它能夠在$(l:bloodmagic:alchemy_table/alchemy_table)鍊金桌$()實現 $(water)水桶$()的自動化生產。在這個配方中印記不會被消耗。"
    }
  ]
}
