{
  "name": "抗火",
  "icon": "minecraft:magma_cream",
  "category": "bloodmagic:alchemy_table/potion_flasks/vanilla",
  "pages": [
    {
      "type": "patchouli:text",
      "text": "$(thing)抗火$()使目標對大多數火焰傷害免疫。"
    },
    {
      "type": "bloodmagic:3x_crafting_flask",
      "a.heading": "抗火 (3:00)",
      "a.recipe": "bloodmagic:flask/fire_resist",
      "b.heading": "抗火 (8:00)",
      "b.recipe": "bloodmagic:flask/length_fire_resist",
      "c.heading": "抗火 (21:20)",
      "c.recipe": "bloodmagic:flask/length_average_fire_resist"
    }
  ]
}
