{
  "name": "緩降",
  "icon": "minecraft:phantom_membrane",
  "category": "bloodmagic:alchemy_table/potion_flasks/vanilla",
  "pages": [
    {
      "type": "patchouli:text",
      "text": "$(thing)緩降$()使目標緩慢降落，不受墜落傷害，就像一隻雞。"
    },
    {
      "type": "bloodmagic:3x_crafting_flask",
      "a.heading": "緩降 (3:00)",
      "a.recipe": "bloodmagic:flask/slow_fall",
      "b.heading": "緩降 (8:00)",
      "b.recipe": "bloodmagic:flask/length_slow_fall",
      "c.heading": "緩降 (21:20)",
      "c.recipe": "bloodmagic:flask/length_average_slow_fall"
    }
  ]
}
