{
  "name": "力量",
  "icon": "minecraft:blaze_powder",
  "category": "bloodmagic:alchemy_table/potion_flasks/vanilla",
  "pages": [
    {
      "type": "patchouli:text",
      "text": "$(thing)力量$()每級增加目標的攻擊傷害3點。"
    },
    {
      "type": "bloodmagic:3x_crafting_flask",
      "a.heading": "力量 (3:00)",
      "a.recipe": "bloodmagic:flask/strength",
      "b.heading": "力量 (8:00)",
      "b.recipe": "bloodmagic:flask/length_strength",
      "c.heading": "力量 II (1:30)",
      "c.recipe": "bloodmagic:flask/potency_strength"
    },
    {
      "type": "patchouli:text",
      "text": "添加$(l:bloodmagic:alchemy_table/potions#average_potions)標準催化劑$()可以更進一步提升效果。"
    },
    {
      "type": "bloodmagic:2x_crafting_flask",
      "a.heading": "力量 III (0:45)",
      "a.recipe": "bloodmagic:flask/potency_average_strength",
      "b.heading": "力量 (21:20)",
      "b.recipe": "bloodmagic:flask/length_average_strength"
    }

  ]
}
