{
  "name": "水中呼吸",
  "icon": "minecraft:pufferfish",
  "category": "bloodmagic:alchemy_table/potion_flasks/vanilla",
  "pages": [
    {
      "type": "patchouli:text",
      "text": "$(thing)水中呼吸$()允許目標在水中呼吸。"
    },
    {
      "type": "bloodmagic:3x_crafting_flask",
      "a.heading": "水中呼吸 (3:00)",
      "a.recipe": "bloodmagic:flask/water_breathing",
      "b.heading": "水中呼吸 (8:00)",
      "b.recipe": "bloodmagic:flask/length_water_breathing",
      "c.heading": "水中呼吸 (21:20)",
      "c.recipe": "bloodmagic:flask/length_average_water_breathing"
    }
  ]
}
