{
  "name": "增容符文",
  "icon": "bloodmagic:altarcapacityrune",
  "category": "bloodmagic:altar/blood_rune",
  "pages": [
    {
      "type": "patchouli:text",
      "text": "每顆$(item)增容符文$()能夠使$(l:bloodmagic:altar/blood_altar)血祭壇$(/l)的容量上限+20%。"
    },
    {
      "type": "patchouli:crafting",
      "recipe": "bloodmagic:blood_rune_capacity"
    },
    {
      "type": "patchouli:crafting",
      "recipe": "bloodmagic:blood_rune_capacity_2",
      "text":"有了一些$(item)遠古遺骸$()和一點從$(l:bloodmagic:dungeons/endless_realm)魔域$()掠奪來的$(item)精密獄火鍛造組件$()，將能夠讓$(item)增容符文$()的能力加倍，使$(l:bloodmagic:altar/blood_altar)血祭壇$(/l)的容量上限增加為每顆+40%。"
    },
    {
      "type": "bloodmagic:crafting_arc",
      "recipe": "bloodmagic:arc/reversion/capacity",
      "text":"如果你改變主意，你可以在鍊金術反應室改變配方。"
    }
  ]
}