{
  "name": "寶珠符文",
  "icon": "bloodmagic:orbcapacityrune",
  "category": "bloodmagic:altar/blood_rune",
  "pages": [
    {
      "type": "patchouli:text",
      "text": "每顆$(item)寶珠符文$()能夠讓$(item)血寶珠$()在祭壇上為寶珠+2%容量。"
    },
    {
      "type": "patchouli:crafting",
      "recipe": "bloodmagic:blood_rune_orb"
    },
    {
      "type": "patchouli:crafting",
      "recipe": "bloodmagic:blood_rune_orb_2",
      "text":"有了一些$(item)遠古遺骸$()和一點從$(l:bloodmagic:dungeons/endless_realm)魔域$()掠奪來的$(item)精密獄火鍛造組件$()，將能夠讓$(item)寶珠符文$()的能力加倍，每一顆寶珠符文能夠使容量+4%。"
    },
    {
      "type": "bloodmagic:crafting_arc",
      "recipe": "bloodmagic:arc/reversion/orb_rune",
      "text":"如果你改變主意，你可以在鍊金術反應室改變配方。"
    }
  ]
}