{
  "name": "模組物品過濾器",
  "icon": "bloodmagic:itemrouterfiltermoditems",
  "category": "bloodmagic:demon_will/item_routing",
  "pages":[
    {
      "type": "patchouli:text",
      "text": "$(item)模組物品過濾器$()讓你選擇9個來自不同模組的物品。就像$(l:bloodmagic:demon_will/item_routing/standard_item_filter)標準物品過濾器$()，擁有一個數量選擇器，和允許/拒絕的功能。將數量留空，預設為＂全部＂。$(br2)對於你放到這個過濾器的$(thing)任何物品$()只要為同一模組都將匹配。"
    },
    {
      "type": "bloodmagic:crafting_alchemy_table",
      "heading": "模組物品過濾器",
      "recipe": "bloodmagic:alchemytable/mod_router_filter",
      "text": "使你能夠允許或拒絕所有來自該模組的物品。方便將你所有的$(blood)Blood Magic$()物品放到你的超級特別儲物箱,隨便舉個例子。"
    }
  ]
}
