{
  "name": "位移陣",
  "icon": "minecraft:feather",
  "category": "bloodmagic:alchemy_array/functional_array",
  "pages": [
    {
      "type": "patchouli:text",
      "text": "位移陣一對能夠將玩家﹑生物﹑物品等拋向特定方向的鍊金陣。一個為水平方向，另一種則是垂直方向。"
    },
    {
      "type": "bloodmagic:2x_functional_array",
      "a.heading": "速度陣",
      "a.recipe": "bloodmagic:array/movement",
      "a.image": "movementarray.png",
      "b.heading": "上升陣",
      "b.recipe": "bloodmagic:array/updraft",
      "b.image": "updraftarray.png"
    }
  ]
}
