{
  "name": "渴望戰鬥",
  "icon": "minecraft:rotten_flesh",
  "category": "bloodmagic:alchemy_array/living_equipment/armor_downgrades",
  "pages": [
    {
      "type": "patchouli:text",
      "text": "當你沒有攻擊生物，就會使你感到飢餓。更高的等級會使冷卻時間更短，並使飢餓感更強。"
    },
    {
      "type": "bloodmagic:living_armour_downgrade",
      "a.recipe": "bloodmagic:downgrade/battle_hungry",
      "b.upgrade": "bloodmagic:battle_hungry"
    }
  ]
}