{
  "name": "飛行",
  "icon": "minecraft:feather",
  "category": "bloodmagic:alchemy_table/potion_flasks/blood_magic",
  "pages": [
    {
      "type": "patchouli:text",
      "text": "$(thing)飛行$()將會給予目標一個臨時的創造模式飛行，類似於在$(l:bloodmagic:rituals/ritual_list/ritual_condor)禿鷹的崇敬$()儀式範圍內。更高的等級將會提升飛行速度。 $(br2)它是由$(l:bloodmagic:alchemy_table/potion_flasks/blood_magic/suspended)懸浮$()及$(l:bloodmagic:alchemy_table/potion_flasks/vanilla/levitation)漂浮$()效果藥水所製作。"
    },
    {
      "type": "bloodmagic:3x_crafting_flask",
      "a.heading": "飛行 (3:00)",
      "a.recipe": "bloodmagic:flask/suspended_to_flight",
      "b.heading": "飛行 (8:00)",
      "b.recipe": "bloodmagic:flask/length_flight",
      "c.heading": "飛行 II (1:30)",
      "c.recipe": "bloodmagic:flask/potency_flight"
    },
    {
      "type": "patchouli:text",
      "text": "添加$(l:bloodmagic:alchemy_table/potions#average_potions)標準催化劑$()可以更進一步提升效果。"
    },
    {
      "type": "bloodmagic:2x_crafting_flask",
      "a.heading": "飛行 III (0:45)",
      "a.recipe": "bloodmagic:flask/potency_average_flight",
      "b.heading": "飛行 (21:20)",
      "b.recipe": "bloodmagic:flask/length_average_flight"
    }
  ]
}
