{
  "name": "懸浮",
  "icon": "minecraft:cobweb",
  "category": "bloodmagic:alchemy_table/potion_flasks/blood_magic",
  "pages": [
    {
      "type": "patchouli:text",
      "text": "$(thing)懸浮$()阻止目標跳躍，墜落，或以任何形式受到引力影響。然而它們仍然可以進行移動，就像在平坦、永無止境的冰上滑行。$(br2)由$(l:bloodmagic:alchemy_table/potion_flasks/blood_magic/gravity)引力$()效果藥水所製作。"
    },
    {
      "type": "bloodmagic:3x_crafting_flask",
      "a.heading": "懸浮 (3:00)",
      "a.recipe": "bloodmagic:flask/gravity_to_suspended",
      "b.heading": "懸浮 (8:00)",
      "b.recipe": "bloodmagic:flask/length_suspended",
      "c.heading": "懸浮 (21:20)",
      "c.recipe": "bloodmagic:flask/length_average_suspended"
    }
  ]
}
