{
  "name": "砍伐儀式",
  "icon": "minecraft:oak_sapling",
  "category": "bloodmagic:rituals/ritual_list",
  "pages": [
    {
      "type": "multiblock",
      "name": "砍伐儀式",
      "multiblock_id": "bloodmagic:felling",
      "text": "使用$(l:bloodmagic:rituals/ritual_diviner#dusk)儀式占卜杖 [薄暮]$(/l)以方便建造。"
    },
    {
      "type": "bloodmagic:ritual_info",
      "ritual": "felling"
    },
    {
      "type": "bloodmagic:ritual_data",
      "ritual": "felling",
      "page_type": "fellingRange"
    },
    {
      "type": "bloodmagic:ritual_data",
      "ritual": "felling",
      "page_type": "chest"
    }
  ]
}
