{
  "name": "碎晶儀式",
  "icon": "bloodmagic:defaultcrystal",
  "category": "bloodmagic:rituals/ritual_list",
  "pages": [
    {
      "type": "multiblock",
      "name": "碎晶儀式",
      "multiblock_id": "bloodmagic:crystal_harvest",
      "text": "使用$(l:bloodmagic:rituals/ritual_diviner#dusk)儀式占卜杖 [薄暮]$(/l)以方便建造。"
    },
    {
      "type": "bloodmagic:ritual_info",
      "ritual": "crystal_harvest",
      "text_overrides": [
        ["Demon Will Crystal Clusters", "l:bloodmagic:demon_will/will_manipulation/crystallized_will"],
        ["aspects", "l:bloodmagic:demon_will/will_manipulation/aspected_will"]
      ]
    },
    {
      "type": "bloodmagic:ritual_data",
      "ritual": "crystal_harvest",
      "page_type": "crystal",
      "text_overrides": [
        ["Demon Will", "raw"]
      ]
    }
  ]
}
